2015141029,2015141028,2015141014,2015141010,,,2015141005,2015141016,2015141056,2015141057,2015141026
2015141014,2015141028,2015141029,2015141010,,2015141056,,2015141005,2015141016,2015141057,
2015141028,2015141029,2015141014,2015141010,2015141016,,2015141005,2015141056,2015141057,,2015141031
2014123071,2013123033,2014123021,2014123028,2014123036,2014123048,,2015141005,2014141044,,2014123056
2014123020,2014123024,,,2014123016,2014123021,,2014123041,2014123048,2014123062,2014123067
2014123056,2014123036,2014123070,2014123012,2014123071,,,2015123019,2014123028,,
2015141003,,,,,2015141001,,2015141003,,2015141005,
2015123017,2015123014,2015123114,2015123003,2015123035,2015123057,,2015123019,2015123054,,
2015123003,2015123014,,2015123061,2015123114,2015123018,2015123012,2015123054,2015123057,,2015123017
2015123019,2015123049,,2015123001,2015123035,2015123017,2015123010,2014123056,2015123009,,2015123054
2015123035,2015123010,2015123018,2015123017,,2015123019,2015123012,2015123014,2015123057,,2015123114
2015123010,2015123035,2015123017,2015123057,2015123018,2015123012,2015123014,2015141008,2015123019,2015123020,2015123062
2015123020,2015123045,2015123017,,,,,2015123024,2015123035,,2015123029
2015123110,2015123003,2015123012,,,,2015123050,2015123061,,2015123018,2015123014
2015123061,2015123012,,2015123018,2015123003,2015123110,2015123050,,2015123014,2014123066,
2015123045,2014123066,2015123020,2015123024,2016123081,2015123006,,2015123114,2015123014,2015123061,2015123110
2015123028,2015123001,2016123081,2015141047,2015141005,2015141065,2015123062,2015123049,,,2015123112
2015141037,2015141001,2015141008,,2015141063,2015141065,2015141023,2015141005,2015141028,,2015141014
2015123050,2015123110,2015123061,2015123014,2015123012,,,2015123003,,2016123081,2015123018
2015123024,2015123045,2015123020,,2015123054,2015123112,,,,,2015123017
2015123012,2015123018,2015123061,2015123035,,2015123014,2015123003,2015123110,2015123114,,2016123081
2015141066,,2015141010,,,,2015141014,2015141015,2015141016,,
2013123043,5515123107,2013141030,,2013123041,,,2013123033,,2015123057,2014123036
2015123001,2015123049,2015123062,2015123019,,,2015123009,2015123010,2015123035,2015123003,2015123017
2014123024,2014123020,,2014123048,2014123021,2014123016,,2014123043,,2014123028,2014123071
2015123114,2015123012,2015123014,2015123061,2015123057,,,2015123018,,2015123017,2015123045
2014141021,,2014141058,2014141044,,,2014123048,2014123021,2015141047,,2015141041
2014123048,2014123021,2014123067,2014123062,2014123041,2015123112,2014123041,2014123020,2014123024,2014123056,
2014123021,2014123048,2014123028,2014141021,2014141058,2014123071,,,2014123062,2014123067,2014123041
2014123016,2014123021,2015123112,2014123041,2014123067,2014123062,2014123048,2014123043,,2014123020,
2015123054,,2015123009,2015123019,2015123017,,2015123045,2016123081,2015123001,2015123049,
2015141065,,2013123041,2013123033,2015141114,,2016123031,2015123062,2015123001,,2015123049
2013141030,2013123043,,2015123112,2013123041,2013141045,5515123107,2013141054,,2015123024,
2014123062,2014123067,2014123041,,,2014123048,,2014123043,2014123016,2014123021,
2014141057,2014141004,2014141052,2014141043,2015141005,,2015141010,2015141031,2014141054,2015141015,2015141026
2015123112,2014123048,2014123067,2014123041,2014123062,2014123021,2014123016,2015123028,,2015123049,2014123020
2015141063,2015141037,2015141001,2015141005,2015141010,2015141008,,2015141028,2015141003,,2015141029
2015141001,,2015141003,2015141005,2015141008,2015141015,,2015141037,,2015141063,2015141024
2015141008,,,2015141010,2015141005,2015141046,2015141014,2015141063,2015123010,2015123035,2015141037
2016123081,2015123110,2015123061,2015123054,,2015123014,2015123006,2015123003,,2015123045,2015123050
5515123107,2013123043,2013123041,2014123016,2014123043,,2015123001,2015123009,2015123049,2015123045,2013141030
2014141043,2014141004,2015141010,,2014141004,2014141057,2014141058,2014141054,2015141031,2015141015,2014141044
2014141052,2014141043,2014141057,2014141044,2014141054,2015141010,,2015141005,2015141015,2015141031,2014141004
2014141004,2015141010,2014141052,2014141043,,2015141031,,2014141057,2014141054,2015141005,2015141026
2013123023,,,2013123041,2013123043,,2015123024,2015123028,2015123029,,
2012123041,,,,,2014123070,2015141065,2015123012,2015123014,,
2014141058,2014141057,2014141004,2014141043,2014141044,2014141021,2014123048,2014123021,2014141052,2015141005,2015141010
2014141054,2015141031,2015141015,2015141026,2014123071,2012141020,,,2014141055,2014141043,2014141057
2014141055,2014141054,,,,,2015141023,,2015141037,2015141026,
2015141057,2015141056,2015141014,2015141016,2015141029,2015141031,2015141026,2015141015,2015141028,2015141003,
2014123028,,,,2014123012,2014123016,2014123021,2014123071,2014123067,2014123036,2014123041
2015123007,,,2015123012,,,2015123017,,2016123081,2015123057,2015123001
2014123043,2014123048,2014123067,2014123041,2014123062,2015123112,2014123021,2014123016,,,5515123107
2015141041,,2015141054,2015141046,2015141047,,,2015141008,2015141114,,
2015141054,,,2015141041,2015141046,2015141008,2015141047,,,,2015141114
2015141047,,2015141041,,2015141046,,2015141014,,,,
2014123067,2014123062,2014123041,2014123048,2014123021,2014123016,2014141057,2014141004,2015141010,2015141005,2015123112
2014141044,2014141058,2014141057,2014141004,2014141052,2014141043,2014141021,2014123071,2014123048,2014123021,
2012141020,2012141023,2014141054,,,2015141031,2015141015,2015141026,2013123033,,2014141055
2015141010,,2015141005,2015141063,2015141014,2015141028,2014141057,2015141029,2014141004,2014141052,
2015141005,2015141010,,2015141063,2015141014,2014141057,2015141028,2015141029,2014141004,2014141052,
2013123033,,2015141065,2014123071,2014123036,2015123018,,,2014141054,,2012141020
2013123041,2013123033,,2014123071,2014123036,2015123018,,2014141054,2013141030,2015123112,2015141065
2014123066,2015123020,2015123024,2015123029,,,,,,,
2015141016,2015141014,2015141057,2015141056,2015141029,2015141026,2015141015,2015141028,2015141031,2015141003,
2015141023,,,2015141024,,,,2015141029,2015141028,,2015141046
2013141045,2013141030,2013123043,5515123107,,,,,2013141054,,
2014123041,,2014123067,2014123062,2014123021,2015123112,2014123016,2014123043,2014123020,2014123024,
2015123009,2015123054,,2015123019,2015123001,2015123045,2015123049,2016123081,,2015123017,
2015123057,2015123014,2013123033,2015123017,2015123018,2015123061,,2015123003,,,
2014123036,2014123056,2014123012,,2014123071,2013123033,,2014123070,,,2015141065
2015141114,2016123031,2015141065,,2015141054,,2015141046,2015141041,2015123062,,
2014123070,2014123036,2014123056,2014123012,2014123071,,,,2014123028,2014123043,
2015123062,2015123049,2015123001,,2015141114,2015123019,2015123112,2015123009,2014123067,,
2015123049,2015123062,2015123001,,2015123019,2015123009,2015123112,,2015123028,,2015123054
2015123014,2015123057,2015123017,2015123061,2015123012,2015123018,,,,2015123003,
2012141023,2012141020,2014141054,,,2015141031,2015141015,2015141026,2013123033,,
2015141046,2015141041,,,2015141054,2015141023,2015141015,2015141047,2015141008,,
2015123029,2015123006,2015123014,2015123020,2015123045,2015123057,2015123061,,2016123081,2015123017,2015123012
2015123006,2015123029,2015123014,2015123020,2015123045,2015123057,2015123061,,2016123081,2015123017,2015123012
2015141024,2015141014,2015141028,2015141029,2015141015,2015141031,,,,,
2016123031,2015141114,2015141065,,2015123112,2015123001,,2015123049,2014123041,2014123043,2014123062
2015141056,2015141003,,2015141057,2015141016,2015141028,2015141026,2015141031,2015141029,2015141014,2015141015
2013141054,2013141030,2014141044,2014141058,2014141057,2014141004,2014141043,2014141052,2014141021,2014123071,
2015123018,2015123010,2015123061,2015123035,2015123012,,,2015123014,2015123110,2015123057,2015123003
2014123012,,2014123028,,2014123036,2014123056,2014123070,2014123071,2014123041,,2014123067
2015141031,2015141015,2015141016,2015141026,2015141028,2015141057,2015141029,2015141014,2015141056,2014141054,
2015141015,2015141016,2015141014,2015141031,2015141026,2015141056,2015141057,2015141028,2015141029,2014141054,
2015141059,2015141066,2015141065,,2015141063,,2015141057,2015141056,2015141054,,
2015141026,2015141031,2015141015,2015141016,2015141056,2015141057,2015141028,2015141029,2015141014,2014141054,
